Username,Group
hannibal,the-a-team
ba,the-a-team
templeton,the-a-team
murdock,the-a-team
barney,the-expendables
lee,the-expendables
yin,the-expendables
gunner,the-expendables
toll,the-expendables
hale,the-expendables
trench,the-expendables
conrad,the-expendables
max,the-expendables
wesley,the-expendables
antonio,the-expendables
kellan,the-expendables
victor,the-expendables
glen,the-expendables
kelsey,the-expendables
goran,the-expendables
rambo,stallones
indie,harrisons
han,harrisons
rick,harrisons
ryan,harrisons
richard,harrisons
graff,harrisons
rocky,stallones
barney,stallones
judge,stallones
widow,the-avengers
cap,the-avengers
ironman,the-avengers
thor,the-avengers
hulk,the-avengers
hawkeye,the-avengers
george,the-beatles
john,the-beatles
paul,the-beatles
ringo,the-beatles
cowley,the-profesionals
doyle,the-profesionals
bodie,the-profesionals
hannibal,jira-software-users
bosco,jira-software-users
templeton,jira-software-users
kapitan,jira-software-users
barney,jira-software-users
lee,jira-software-users
yin,jira-software-users
gunner,jira-software-users
toll,jira-software-users
hale,jira-software-users
trench,jira-software-users
conrad,jira-software-users
max,jira-software-users
wesley,jira-software-users
antonio,jira-software-users
kellan,jira-software-users
victor,jira-software-users
glen,jira-software-users
kelsey,jira-software-users
goran,jira-software-users
rambo,jira-software-users
indie,jira-software-users
han,jira-software-users
rick,jira-software-users
ryan,jira-software-users
richard,jira-software-users
graff,jira-software-users
rocky,jira-software-users
barney,jira-software-users
judge,jira-software-users
widow,jira-software-users
cap,jira-software-users
ironman,jira-software-users
thor,jira-software-users
hulk,jira-software-users
hawkeye,jira-software-users
george,jira-software-users
john,jira-software-users
paul,jira-software-users
ringo,jira-software-users
cowley,jira-software-users
doyle,jira-software-users
bodie,jira-software-users
hannibal,confluence-users
bosco,confluence-users
templeton,confluence-users
kapitan,confluence-users
barney,confluence-users
lee,confluence-users
yin,confluence-users
gunner,confluence-users
toll,confluence-users
hale,confluence-users
trench,confluence-users
conrad,confluence-users
max,confluence-users
wesley,confluence-users
antonio,confluence-users
kellan,confluence-users
victor,confluence-users
glen,confluence-users
kelsey,confluence-users
goran,confluence-users
rambo,confluence-users
indie,confluence-users
han,confluence-users
rick,confluence-users
ryan,confluence-users
richard,confluence-users
graff,confluence-users
rocky,confluence-users
barney,confluence-users
judge,confluence-users
widow,confluence-users
cap,confluence-users
ironman,confluence-users
thor,confluence-users
hulk,confluence-users
hawkeye,confluence-users
george,confluence-users
john,confluence-users
paul,confluence-users
ringo,confluence-users
cowley,confluence-users
doyle,confluence-users
bodie,confluence-users