First Name,Last Name,Email,Username,Pasword
Brian,O’Conner,brian@niepodam.pl,brian,a
Dominic,Toretto,dominic@niepodam.pl,dominic,a
Letty,Ortiz,letty@niepodam.pl,letty,a
Luke,Hobbs,luke@niepodam.pl,luke,a
Roman,Pearce,roman@niepodam.pl,roman,a
Tej,Parker,tej@niepodam.pl,tej,a
Mia,Toretto,mia@niepodam.pl,mia,a
John,Smith,hannibal@niepodam.pl,hannibal,a
Bosco,Baracus,ba@niepodam.pl,ba,a
Templeton,Peck,templeton@niepodam.pl,templeton,a
Kapitan,Murdock,murdock@niepodam.pl,murdock,a
Barney,Ross,barney@niepodam.pl,barney,a
Lee,Christmas,lee@niepodam.pl,lee,a
Yin,Yang,yin@niepodam.pl,yin,a
Gunner,Jensen,gunner@niepodam.pl,gunner,a
Toll,Road,toll@niepodam.pl,toll,a
Hale,Caesar,hale@niepodam.pl,hale,a
Trench,Mauser,trench@niepodam.pl,trench,a
Conrad,Stonebanks,conrad@niepodam.pl,conrad,a
Max,Drummer,max@niepodam.pl,max,a
Wesley,Surgeon,wesley@niepodam.pl,wesley,a
Antonio,Matador,antonio@niepodam.pl,antonio,a
Kellan,Smilee,kellan@niepodam.pl,kellan,a
Victor,Mars,victor@niepodam.pl,victor,a
Glen,Thorn,glen@niepodam.pl,glen,a
Kelsey,Bonaparte,kelsey@niepodam.pl,kelsey,a
Goran,Vogner,goran@niepodam.pl,goran,a
John,Rambo,rambo@niepodam.pl,rambo,a
Indiana,Jones,indie@niepodam.pl,indie,a
Han,Solo,han@niepodam.pl,han,a
Rick,Deckard,rick@niepodam.pl,rick,a
Jack,Ryan,ryan@niepodam.pl,ryan,a
Richard,Kimble,richard@niepodam.pl,richard,a
Colonel,Graff,graff@niepodam.pl,graff,a
Rocky,Balboa,rocky@niepodam.pl,rocky,a
Barney,Ross,barney@niepodam.pl,barney,a
Judge,Dredd,judge@niepodam.pl,judge,a
Black,Widow,widow@niepodam.pl,widow,a
Captain,America,cap@niepodam.pl,cap,a
Iron,Man,ironman@niepodam.pl,ironman,a
Thor,Odinson,thor@niepodam.pl,thor,a
Hulk,Green,hulk@niepodam.pl,hulk,a
Hawkeye,Agent,hawkeye@niepodam.pl,hawkeye,a
George,Harrison,george@niepodam.pl,george,a
John,Lennon,john@niepodam.pl,john,a
Paul,McCartney,paul@niepodam.pl,paul,a
Ringo,Starr,ringo@niepodam.pl,ringo,a
George,Cowley,cowley@niepodam.pl,cowley,a
Raymond,Doyle,doyle@niepodam.pl,doyle,a
William,Bodie,bodie@niepodam.pl,bodie,a
